run_id,run_timestamp_utc,dataset_key,dataset_name,target_column,scenario_family,missingness_type,mcar_scope,rate_pct,seed,method_family,method_key,method_name,model_key,model_name,status,error_message,full_path,missing_path,n_masked_target,mean_rmse,mean_nrmse,runtime_seconds
R000002,2026-06-10T14:32:03.984070+00:00,telco,Telco,TotalCharges,MAR_TARGET,MAR,target,10,42,classical,medianmode,Median/Mode,,,success,,/Users/janawue/Desktop/Masterthesis/master/data/raw/Telco-Customer-Churn_cleaned.csv,/Users/janawue/Desktop/Masterthesis/master/data/processed/MAR/telco_customer_churn_mar_totalcharges_tenure_10pct.csv,704,3134.850171975542,1.3448567398491347,0.049900999991223216
R000007,2026-06-10T14:32:04.032582+00:00,telco,Telco,TotalCharges,MAR_TARGET,MAR,target,10,202,classical,medianmode,Median/Mode,,,success,,/Users/janawue/Desktop/Masterthesis/master/data/raw/Telco-Customer-Churn_cleaned.csv,/Users/janawue/Desktop/Masterthesis/master/data/processed/MAR/telco_customer_churn_mar_totalcharges_tenure_10pct.csv,704,3134.850171975542,1.3448567398491347,0.04849554202519357
R000012,2026-06-10T14:32:04.079431+00:00,telco,Telco,TotalCharges,MAR_TARGET,MAR,target,10,303,classical,medianmode,Median/Mode,,,success,,/Users/janawue/Desktop/Masterthesis/master/data/raw/Telco-Customer-Churn_cleaned.csv,/Users/janawue/Desktop/Masterthesis/master/data/processed/MAR/telco_customer_churn_mar_totalcharges_tenure_10pct.csv,704,3134.850171975542,1.3448567398491347,0.04676020797342062
R000017,2026-06-10T14:32:04.126703+00:00,telco,Telco,TotalCharges,MAR_TARGET,MAR,target,10,404,classical,medianmode,Median/Mode,,,success,,/Users/janawue/Desktop/Masterthesis/master/data/raw/Telco-Customer-Churn_cleaned.csv,/Users/janawue/Desktop/Masterthesis/master/data/processed/MAR/telco_customer_churn_mar_totalcharges_tenure_10pct.csv,704,3134.850171975542,1.3448567398491347,0.04717937496025115
R000022,2026-06-10T14:32:04.173975+00:00,telco,Telco,TotalCharges,MAR_TARGET,MAR,target,10,505,classical,medianmode,Median/Mode,,,success,,/Users/janawue/Desktop/Masterthesis/master/data/raw/Telco-Customer-Churn_cleaned.csv,/Users/janawue/Desktop/Masterthesis/master/data/processed/MAR/telco_customer_churn_mar_totalcharges_tenure_10pct.csv,704,3134.850171975542,1.3448567398491347,0.04723050002939999
R000036,2026-06-10T14:32:04.221916+00:00,telco,Telco,TotalCharges,MAR_TARGET,MAR,target,15,42,classical,medianmode,Median/Mode,,,success,,/Users/janawue/Desktop/Masterthesis/master/data/raw/Telco-Customer-Churn_cleaned.csv,/Users/janawue/Desktop/Masterthesis/master/data/processed/MAR/telco_customer_churn_mar_totalcharges_tenure_15pct.csv,1056,3149.688002971936,1.3408523167092568,0.04790150001645088
R000041,2026-06-10T14:32:04.268980+00:00,telco,Telco,TotalCharges,MAR_TARGET,MAR,target,15,202,classical,medianmode,Median/Mode,,,success,,/Users/janawue/Desktop/Masterthesis/master/data/raw/Telco-Customer-Churn_cleaned.csv,/Users/janawue/Desktop/Masterthesis/master/data/processed/MAR/telco_customer_churn_mar_totalcharges_tenure_15pct.csv,1056,3149.688002971936,1.3408523167092568,0.047007541987113655
R000046,2026-06-10T14:32:04.316224+00:00,telco,Telco,TotalCharges,MAR_TARGET,MAR,target,15,303,classical,medianmode,Median/Mode,,,success,,/Users/janawue/Desktop/Masterthesis/master/data/raw/Telco-Customer-Churn_cleaned.csv,/Users/janawue/Desktop/Masterthesis/master/data/processed/MAR/telco_customer_churn_mar_totalcharges_tenure_15pct.csv,1056,3149.688002971936,1.3408523167092568,0.04721083294134587
R000051,2026-06-10T14:32:04.362657+00:00,telco,Telco,TotalCharges,MAR_TARGET,MAR,target,15,404,classical,medianmode,Median/Mode,,,success,,/Users/janawue/Desktop/Masterthesis/master/data/raw/Telco-Customer-Churn_cleaned.csv,/Users/janawue/Desktop/Masterthesis/master/data/processed/MAR/telco_customer_churn_mar_totalcharges_tenure_15pct.csv,1056,3149.688002971936,1.3408523167092568,0.046384167042560875
R000056,2026-06-10T14:32:04.408947+00:00,telco,Telco,TotalCharges,MAR_TARGET,MAR,target,15,505,classical,medianmode,Median/Mode,,,success,,/Users/janawue/Desktop/Masterthesis/master/data/raw/Telco-Customer-Churn_cleaned.csv,/Users/janawue/Desktop/Masterthesis/master/data/processed/MAR/telco_customer_churn_mar_totalcharges_tenure_15pct.csv,1056,3149.688002971936,1.3408523167092568,0.046186208026483655
R000070,2026-06-10T14:32:04.453578+00:00,telco,Telco,TotalCharges,MNAR_TARGET,MNAR,target,10,42,classical,medianmode,Median/Mode,,,success,,/Users/janawue/Desktop/Masterthesis/master/data/raw/Telco-Customer-Churn_cleaned.csv,/Users/janawue/Desktop/Masterthesis/master/data/processed/MNAR/telco_customer_churn_mnar_totalcharges_10pct.csv,704,3254.4298827549605,1.354303203498585,0.04457475000526756
R000075,2026-06-10T14:32:04.497372+00:00,telco,Telco,TotalCharges,MNAR_TARGET,MNAR,target,10,202,classical,medianmode,Median/Mode,,,success,,/Users/janawue/Desktop/Masterthesis/master/data/raw/Telco-Customer-Churn_cleaned.csv,/Users/janawue/Desktop/Masterthesis/master/data/processed/MNAR/telco_customer_churn_mnar_totalcharges_10pct.csv,704,3254.4298827549605,1.354303203498585,0.04375120799522847
R000080,2026-06-10T14:32:04.540524+00:00,telco,Telco,TotalCharges,MNAR_TARGET,MNAR,target,10,303,classical,medianmode,Median/Mode,,,success,,/Users/janawue/Desktop/Masterthesis/master/data/raw/Telco-Customer-Churn_cleaned.csv,/Users/janawue/Desktop/Masterthesis/master/data/processed/MNAR/telco_customer_churn_mnar_totalcharges_10pct.csv,704,3254.4298827549605,1.354303203498585,0.04311045806389302
R000085,2026-06-10T14:32:04.583623+00:00,telco,Telco,TotalCharges,MNAR_TARGET,MNAR,target,10,404,classical,medianmode,Median/Mode,,,success,,/Users/janawue/Desktop/Masterthesis/master/data/raw/Telco-Customer-Churn_cleaned.csv,/Users/janawue/Desktop/Masterthesis/master/data/processed/MNAR/telco_customer_churn_mnar_totalcharges_10pct.csv,704,3254.4298827549605,1.354303203498585,0.043058875016868114
R000090,2026-06-10T14:32:04.627141+00:00,telco,Telco,TotalCharges,MNAR_TARGET,MNAR,target,10,505,classical,medianmode,Median/Mode,,,success,,/Users/janawue/Desktop/Masterthesis/master/data/raw/Telco-Customer-Churn_cleaned.csv,/Users/janawue/Desktop/Masterthesis/master/data/processed/MNAR/telco_customer_churn_mnar_totalcharges_10pct.csv,704,3254.4298827549605,1.354303203498585,0.04347466700710356
R000104,2026-06-10T14:32:04.670817+00:00,telco,Telco,TotalCharges,MNAR_TARGET,MNAR,target,15,42,classical,medianmode,Median/Mode,,,success,,/Users/janawue/Desktop/Masterthesis/master/data/raw/Telco-Customer-Churn_cleaned.csv,/Users/janawue/Desktop/Masterthesis/master/data/processed/MNAR/telco_customer_churn_mnar_totalcharges_15pct.csv,1056,3220.4520992002617,1.350566244777409,0.043633583933115005
R000109,2026-06-10T14:32:04.715215+00:00,telco,Telco,TotalCharges,MNAR_TARGET,MNAR,target,15,202,classical,medianmode,Median/Mode,,,success,,/Users/janawue/Desktop/Masterthesis/master/data/raw/Telco-Customer-Churn_cleaned.csv,/Users/janawue/Desktop/Masterthesis/master/data/processed/MNAR/telco_customer_churn_mnar_totalcharges_15pct.csv,1056,3220.4520992002617,1.350566244777409,0.04435450001619756
R000114,2026-06-10T14:32:04.758135+00:00,telco,Telco,TotalCharges,MNAR_TARGET,MNAR,target,15,303,classical,medianmode,Median/Mode,,,success,,/Users/janawue/Desktop/Masterthesis/master/data/raw/Telco-Customer-Churn_cleaned.csv,/Users/janawue/Desktop/Masterthesis/master/data/processed/MNAR/telco_customer_churn_mnar_totalcharges_15pct.csv,1056,3220.4520992002617,1.350566244777409,0.042875666986219585
R000119,2026-06-10T14:32:04.801920+00:00,telco,Telco,TotalCharges,MNAR_TARGET,MNAR,target,15,404,classical,medianmode,Median/Mode,,,success,,/Users/janawue/Desktop/Masterthesis/master/data/raw/Telco-Customer-Churn_cleaned.csv,/Users/janawue/Desktop/Masterthesis/master/data/processed/MNAR/telco_customer_churn_mnar_totalcharges_15pct.csv,1056,3220.4520992002617,1.350566244777409,0.04375316598452628
R000124,2026-06-10T14:32:04.843746+00:00,telco,Telco,TotalCharges,MNAR_TARGET,MNAR,target,15,505,classical,medianmode,Median/Mode,,,success,,/Users/janawue/Desktop/Masterthesis/master/data/raw/Telco-Customer-Churn_cleaned.csv,/Users/janawue/Desktop/Masterthesis/master/data/processed/MNAR/telco_customer_churn_mnar_totalcharges_15pct.csv,1056,3220.4520992002617,1.350566244777409,0.04177324997726828
R000138,2026-06-10T14:32:04.888548+00:00,telco,Telco,TotalCharges,MCAR_TARGET,MCAR,target,10,42,classical,medianmode,Median/Mode,,,success,,/Users/janawue/Desktop/Masterthesis/master/data/raw/Telco-Customer-Churn_cleaned.csv,/Users/janawue/Desktop/Masterthesis/master/data/processed/MCAR/telco_customer_churn_mcar_totalcharges_10pct.csv,704,2360.1407061937366,1.0815116210951903,0.04476420802529901
R000143,2026-06-10T14:32:04.932031+00:00,telco,Telco,TotalCharges,MCAR_TARGET,MCAR,target,10,202,classical,medianmode,Median/Mode,,,success,,/Users/janawue/Desktop/Masterthesis/master/data/raw/Telco-Customer-Churn_cleaned.csv,/Users/janawue/Desktop/Masterthesis/master/data/processed/MCAR/telco_customer_churn_mcar_totalcharges_10pct.csv,704,2360.1407061937366,1.0815116210951903,0.04343829199206084
R000148,2026-06-10T14:32:04.974454+00:00,telco,Telco,TotalCharges,MCAR_TARGET,MCAR,target,10,303,classical,medianmode,Median/Mode,,,success,,/Users/janawue/Desktop/Masterthesis/master/data/raw/Telco-Customer-Churn_cleaned.csv,/Users/janawue/Desktop/Masterthesis/master/data/processed/MCAR/telco_customer_churn_mcar_totalcharges_10pct.csv,704,2360.1407061937366,1.0815116210951903,0.04237858299165964
R000153,2026-06-10T14:32:05.016774+00:00,telco,Telco,TotalCharges,MCAR_TARGET,MCAR,target,10,404,classical,medianmode,Median/Mode,,,success,,/Users/janawue/Desktop/Masterthesis/master/data/raw/Telco-Customer-Churn_cleaned.csv,/Users/janawue/Desktop/Masterthesis/master/data/processed/MCAR/telco_customer_churn_mcar_totalcharges_10pct.csv,704,2360.1407061937366,1.0815116210951903,0.04227483400609344
R000158,2026-06-10T14:32:05.059719+00:00,telco,Telco,TotalCharges,MCAR_TARGET,MCAR,target,10,505,classical,medianmode,Median/Mode,,,success,,/Users/janawue/Desktop/Masterthesis/master/data/raw/Telco-Customer-Churn_cleaned.csv,/Users/janawue/Desktop/Masterthesis/master/data/processed/MCAR/telco_customer_churn_mcar_totalcharges_10pct.csv,704,2360.1407061937366,1.0815116210951903,0.042907957918941975
R000172,2026-06-10T14:32:05.103712+00:00,telco,Telco,TotalCharges,MCAR_TARGET,MCAR,target,15,42,classical,medianmode,Median/Mode,,,success,,/Users/janawue/Desktop/Masterthesis/master/data/raw/Telco-Customer-Churn_cleaned.csv,/Users/janawue/Desktop/Masterthesis/master/data/processed/MCAR/telco_customer_churn_mcar_totalcharges_15pct.csv,1056,2420.608131626005,1.0811358148966368,0.04395208298228681
R000177,2026-06-10T14:32:05.146681+00:00,telco,Telco,TotalCharges,MCAR_TARGET,MCAR,target,15,202,classical,medianmode,Median/Mode,,,success,,/Users/janawue/Desktop/Masterthesis/master/data/raw/Telco-Customer-Churn_cleaned.csv,/Users/janawue/Desktop/Masterthesis/master/data/processed/MCAR/telco_customer_churn_mcar_totalcharges_15pct.csv,1056,2420.608131626005,1.0811358148966368,0.042934417026117444
R000182,2026-06-10T14:32:05.192262+00:00,telco,Telco,TotalCharges,MCAR_TARGET,MCAR,target,15,303,classical,medianmode,Median/Mode,,,success,,/Users/janawue/Desktop/Masterthesis/master/data/raw/Telco-Customer-Churn_cleaned.csv,/Users/janawue/Desktop/Masterthesis/master/data/processed/MCAR/telco_customer_churn_mcar_totalcharges_15pct.csv,1056,2420.608131626005,1.0811358148966368,0.045530666946433485
R000187,2026-06-10T14:32:05.236206+00:00,telco,Telco,TotalCharges,MCAR_TARGET,MCAR,target,15,404,classical,medianmode,Median/Mode,,,success,,/Users/janawue/Desktop/Masterthesis/master/data/raw/Telco-Customer-Churn_cleaned.csv,/Users/janawue/Desktop/Masterthesis/master/data/processed/MCAR/telco_customer_churn_mcar_totalcharges_15pct.csv,1056,2420.608131626005,1.0811358148966368,0.04391316697001457
R000192,2026-06-10T14:32:05.279385+00:00,telco,Telco,TotalCharges,MCAR_TARGET,MCAR,target,15,505,classical,medianmode,Median/Mode,,,success,,/Users/janawue/Desktop/Masterthesis/master/data/raw/Telco-Customer-Churn_cleaned.csv,/Users/janawue/Desktop/Masterthesis/master/data/processed/MCAR/telco_customer_churn_mcar_totalcharges_15pct.csv,1056,2420.608131626005,1.0811358148966368,0.04312654200475663
R000206,2026-06-10T14:32:05.325900+00:00,telco,Telco,TotalCharges,MCAR_GLOBAL,MCAR,global,10,42,classical,medianmode,Median/Mode,,,success,,/Users/janawue/Desktop/Masterthesis/master/data/raw/Telco-Customer-Churn_cleaned.csv,/Users/janawue/Desktop/Masterthesis/master/data/processed/MCAR/telco_customer_churn_mcar_10pct.csv,663,2409.8618735732784,1.0726611093838894,0.04647095804102719
R000211,2026-06-10T14:32:05.372698+00:00,telco,Telco,TotalCharges,MCAR_GLOBAL,MCAR,global,10,202,classical,medianmode,Median/Mode,,,success,,/Users/janawue/Desktop/Masterthesis/master/data/raw/Telco-Customer-Churn_cleaned.csv,/Users/janawue/Desktop/Masterthesis/master/data/processed/MCAR/telco_customer_churn_mcar_10pct.csv,663,2409.8618735732784,1.0726611093838894,0.04676249995827675
R000216,2026-06-10T14:32:05.416396+00:00,telco,Telco,TotalCharges,MCAR_GLOBAL,MCAR,global,10,303,classical,medianmode,Median/Mode,,,success,,/Users/janawue/Desktop/Masterthesis/master/data/raw/Telco-Customer-Churn_cleaned.csv,/Users/janawue/Desktop/Masterthesis/master/data/processed/MCAR/telco_customer_churn_mcar_10pct.csv,663,2409.8618735732784,1.0726611093838894,0.043646167032420635
R000221,2026-06-10T14:32:05.461224+00:00,telco,Telco,TotalCharges,MCAR_GLOBAL,MCAR,global,10,404,classical,medianmode,Median/Mode,,,success,,/Users/janawue/Desktop/Masterthesis/master/data/raw/Telco-Customer-Churn_cleaned.csv,/Users/janawue/Desktop/Masterthesis/master/data/processed/MCAR/telco_customer_churn_mcar_10pct.csv,663,2409.8618735732784,1.0726611093838894,0.04478629201184958
R000226,2026-06-10T14:32:05.508307+00:00,telco,Telco,TotalCharges,MCAR_GLOBAL,MCAR,global,10,505,classical,medianmode,Median/Mode,,,success,,/Users/janawue/Desktop/Masterthesis/master/data/raw/Telco-Customer-Churn_cleaned.csv,/Users/janawue/Desktop/Masterthesis/master/data/processed/MCAR/telco_customer_churn_mcar_10pct.csv,663,2409.8618735732784,1.0726611093838894,0.04704774997662753
R000240,2026-06-10T14:32:05.558308+00:00,telco,Telco,TotalCharges,MCAR_GLOBAL,MCAR,global,15,42,classical,medianmode,Median/Mode,,,success,,/Users/janawue/Desktop/Masterthesis/master/data/raw/Telco-Customer-Churn_cleaned.csv,/Users/janawue/Desktop/Masterthesis/master/data/processed/MCAR/telco_customer_churn_mcar_15pct.csv,1027,2377.8928622225308,1.0708405621703494,0.04995637503452599
R000245,2026-06-10T14:32:05.609351+00:00,telco,Telco,TotalCharges,MCAR_GLOBAL,MCAR,global,15,202,classical,medianmode,Median/Mode,,,success,,/Users/janawue/Desktop/Masterthesis/master/data/raw/Telco-Customer-Churn_cleaned.csv,/Users/janawue/Desktop/Masterthesis/master/data/processed/MCAR/telco_customer_churn_mcar_15pct.csv,1027,2377.8928622225308,1.0708405621703494,0.05100079195108265
R000250,2026-06-10T14:32:05.658243+00:00,telco,Telco,TotalCharges,MCAR_GLOBAL,MCAR,global,15,303,classical,medianmode,Median/Mode,,,success,,/Users/janawue/Desktop/Masterthesis/master/data/raw/Telco-Customer-Churn_cleaned.csv,/Users/janawue/Desktop/Masterthesis/master/data/processed/MCAR/telco_customer_churn_mcar_15pct.csv,1027,2377.8928622225308,1.0708405621703494,0.048851999919861555
R000255,2026-06-10T14:32:05.707493+00:00,telco,Telco,TotalCharges,MCAR_GLOBAL,MCAR,global,15,404,classical,medianmode,Median/Mode,,,success,,/Users/janawue/Desktop/Masterthesis/master/data/raw/Telco-Customer-Churn_cleaned.csv,/Users/janawue/Desktop/Masterthesis/master/data/processed/MCAR/telco_customer_churn_mcar_15pct.csv,1027,2377.8928622225308,1.0708405621703494,0.049206624971702695
R000260,2026-06-10T14:32:05.755715+00:00,telco,Telco,TotalCharges,MCAR_GLOBAL,MCAR,global,15,505,classical,medianmode,Median/Mode,,,success,,/Users/janawue/Desktop/Masterthesis/master/data/raw/Telco-Customer-Churn_cleaned.csv,/Users/janawue/Desktop/Masterthesis/master/data/processed/MCAR/telco_customer_churn_mcar_15pct.csv,1027,2377.8928622225308,1.0708405621703494,0.048202040954492986
R000274,2026-06-10T14:32:05.768594+00:00,statlog,German Statlog,X2,MAR_TARGET,MAR,target,10,42,classical,medianmode,Median/Mode,,,success,,/Users/janawue/Desktop/Masterthesis/master/data/raw/german_statlog_numeric.csv,/Users/janawue/Desktop/Masterthesis/master/data/processed/MAR/german_statlog_numeric_mar_duration_creditamount_10pct.csv,100,12.831601614763452,1.0729292703802156,0.01277316699270159
R000279,2026-06-10T14:32:05.780115+00:00,statlog,German Statlog,X2,MAR_TARGET,MAR,target,10,202,classical,medianmode,Median/Mode,,,success,,/Users/janawue/Desktop/Masterthesis/master/data/raw/german_statlog_numeric.csv,/Users/janawue/Desktop/Masterthesis/master/data/processed/MAR/german_statlog_numeric_mar_duration_creditamount_10pct.csv,100,12.831601614763452,1.0729292703802156,0.011480542016215622
R000284,2026-06-10T14:32:05.790962+00:00,statlog,German Statlog,X2,MAR_TARGET,MAR,target,10,303,classical,medianmode,Median/Mode,,,success,,/Users/janawue/Desktop/Masterthesis/master/data/raw/german_statlog_numeric.csv,/Users/janawue/Desktop/Masterthesis/master/data/processed/MAR/german_statlog_numeric_mar_duration_creditamount_10pct.csv,100,12.831601614763452,1.0729292703802156,0.010704250074923038
R000289,2026-06-10T14:32:05.801934+00:00,statlog,German Statlog,X2,MAR_TARGET,MAR,target,10,404,classical,medianmode,Median/Mode,,,success,,/Users/janawue/Desktop/Masterthesis/master/data/raw/german_statlog_numeric.csv,/Users/janawue/Desktop/Masterthesis/master/data/processed/MAR/german_statlog_numeric_mar_duration_creditamount_10pct.csv,100,12.831601614763452,1.0729292703802156,0.010937207960523665
R000294,2026-06-10T14:32:05.811991+00:00,statlog,German Statlog,X2,MAR_TARGET,MAR,target,10,505,classical,medianmode,Median/Mode,,,success,,/Users/janawue/Desktop/Masterthesis/master/data/raw/german_statlog_numeric.csv,/Users/janawue/Desktop/Masterthesis/master/data/processed/MAR/german_statlog_numeric_mar_duration_creditamount_10pct.csv,100,12.831601614763452,1.0729292703802156,0.010010874946601689
R000308,2026-06-10T14:32:05.825382+00:00,statlog,German Statlog,X2,MAR_TARGET,MAR,target,15,42,classical,medianmode,Median/Mode,,,success,,/Users/janawue/Desktop/Masterthesis/master/data/raw/german_statlog_numeric.csv,/Users/janawue/Desktop/Masterthesis/master/data/processed/MAR/german_statlog_numeric_mar_duration_creditamount_15pct.csv,150,12.201092847227525,1.0462255060873362,0.013334957999177277
R000313,2026-06-10T14:32:05.836511+00:00,statlog,German Statlog,X2,MAR_TARGET,MAR,target,15,202,classical,medianmode,Median/Mode,,,success,,/Users/janawue/Desktop/Masterthesis/master/data/raw/german_statlog_numeric.csv,/Users/janawue/Desktop/Masterthesis/master/data/processed/MAR/german_statlog_numeric_mar_duration_creditamount_15pct.csv,150,12.201092847227525,1.0462255060873362,0.01108083303552121
R000318,2026-06-10T14:32:05.848464+00:00,statlog,German Statlog,X2,MAR_TARGET,MAR,target,15,303,classical,medianmode,Median/Mode,,,success,,/Users/janawue/Desktop/Masterthesis/master/data/raw/german_statlog_numeric.csv,/Users/janawue/Desktop/Masterthesis/master/data/processed/MAR/german_statlog_numeric_mar_duration_creditamount_15pct.csv,150,12.201092847227525,1.0462255060873362,0.01191891694907099
R000323,2026-06-10T14:32:05.858634+00:00,statlog,German Statlog,X2,MAR_TARGET,MAR,target,15,404,classical,medianmode,Median/Mode,,,success,,/Users/janawue/Desktop/Masterthesis/master/data/raw/german_statlog_numeric.csv,/Users/janawue/Desktop/Masterthesis/master/data/processed/MAR/german_statlog_numeric_mar_duration_creditamount_15pct.csv,150,12.201092847227525,1.0462255060873362,0.010115708922967315
R000328,2026-06-10T14:32:05.868410+00:00,statlog,German Statlog,X2,MAR_TARGET,MAR,target,15,505,classical,medianmode,Median/Mode,,,success,,/Users/janawue/Desktop/Masterthesis/master/data/raw/german_statlog_numeric.csv,/Users/janawue/Desktop/Masterthesis/master/data/processed/MAR/german_statlog_numeric_mar_duration_creditamount_15pct.csv,150,12.201092847227525,1.0462255060873362,0.009737291024066508
R000342,2026-06-10T14:32:05.878114+00:00,statlog,German Statlog,X2,MNAR_TARGET,MNAR,target,10,42,classical,medianmode,Median/Mode,,,success,,/Users/janawue/Desktop/Masterthesis/master/data/raw/german_statlog_numeric.csv,/Users/janawue/Desktop/Masterthesis/master/data/processed/MNAR/german_statlog_numeric_mnar_duration_10pct.csv,100,14.829699929533302,1.2485956077271865,0.00966304203029722
R000347,2026-06-10T14:32:05.888440+00:00,statlog,German Statlog,X2,MNAR_TARGET,MNAR,target,10,202,classical,medianmode,Median/Mode,,,success,,/Users/janawue/Desktop/Masterthesis/master/data/raw/german_statlog_numeric.csv,/Users/janawue/Desktop/Masterthesis/master/data/processed/MNAR/german_statlog_numeric_mnar_duration_10pct.csv,100,14.829699929533302,1.2485956077271865,0.010293541941791773
R000352,2026-06-10T14:32:05.898029+00:00,statlog,German Statlog,X2,MNAR_TARGET,MNAR,target,10,303,classical,medianmode,Median/Mode,,,success,,/Users/janawue/Desktop/Masterthesis/master/data/raw/german_statlog_numeric.csv,/Users/janawue/Desktop/Masterthesis/master/data/processed/MNAR/german_statlog_numeric_mnar_duration_10pct.csv,100,14.829699929533302,1.2485956077271865,0.00953695795033127
R000357,2026-06-10T14:32:05.907277+00:00,statlog,German Statlog,X2,MNAR_TARGET,MNAR,target,10,404,classical,medianmode,Median/Mode,,,success,,/Users/janawue/Desktop/Masterthesis/master/data/raw/german_statlog_numeric.csv,/Users/janawue/Desktop/Masterthesis/master/data/processed/MNAR/german_statlog_numeric_mnar_duration_10pct.csv,100,14.829699929533302,1.2485956077271865,0.009209875017404556
R000362,2026-06-10T14:32:05.916663+00:00,statlog,German Statlog,X2,MNAR_TARGET,MNAR,target,10,505,classical,medianmode,Median/Mode,,,success,,/Users/janawue/Desktop/Masterthesis/master/data/raw/german_statlog_numeric.csv,/Users/janawue/Desktop/Masterthesis/master/data/processed/MNAR/german_statlog_numeric_mnar_duration_10pct.csv,100,14.829699929533302,1.2485956077271865,0.009346708073280752
R000376,2026-06-10T14:32:05.926794+00:00,statlog,German Statlog,X2,MNAR_TARGET,MNAR,target,15,42,classical,medianmode,Median/Mode,,,success,,/Users/janawue/Desktop/Masterthesis/master/data/raw/german_statlog_numeric.csv,/Users/janawue/Desktop/Masterthesis/master/data/processed/MNAR/german_statlog_numeric_mnar_duration_15pct.csv,150,14.346892811104896,1.2621344101148815,0.010092917014844716
R000381,2026-06-10T14:32:05.936593+00:00,statlog,German Statlog,X2,MNAR_TARGET,MNAR,target,15,202,classical,medianmode,Median/Mode,,,success,,/Users/janawue/Desktop/Masterthesis/master/data/raw/german_statlog_numeric.csv,/Users/janawue/Desktop/Masterthesis/master/data/processed/MNAR/german_statlog_numeric_mnar_duration_15pct.csv,150,14.346892811104896,1.2621344101148815,0.009757291059941053
R000386,2026-06-10T14:32:05.946218+00:00,statlog,German Statlog,X2,MNAR_TARGET,MNAR,target,15,303,classical,medianmode,Median/Mode,,,success,,/Users/janawue/Desktop/Masterthesis/master/data/raw/german_statlog_numeric.csv,/Users/janawue/Desktop/Masterthesis/master/data/processed/MNAR/german_statlog_numeric_mnar_duration_15pct.csv,150,14.346892811104896,1.2621344101148815,0.009700166992843151
R000391,2026-06-10T14:32:05.955814+00:00,statlog,German Statlog,X2,MNAR_TARGET,MNAR,target,15,404,classical,medianmode,Median/Mode,,,success,,/Users/janawue/Desktop/Masterthesis/master/data/raw/german_statlog_numeric.csv,/Users/janawue/Desktop/Masterthesis/master/data/processed/MNAR/german_statlog_numeric_mnar_duration_15pct.csv,150,14.346892811104896,1.2621344101148815,0.009417957975529134
R000396,2026-06-10T14:32:05.965762+00:00,statlog,German Statlog,X2,MNAR_TARGET,MNAR,target,15,505,classical,medianmode,Median/Mode,,,success,,/Users/janawue/Desktop/Masterthesis/master/data/raw/german_statlog_numeric.csv,/Users/janawue/Desktop/Masterthesis/master/data/processed/MNAR/german_statlog_numeric_mnar_duration_15pct.csv,150,14.346892811104896,1.2621344101148815,0.009901374927721918
R000410,2026-06-10T14:32:05.975271+00:00,statlog,German Statlog,X2,MCAR_TARGET,MCAR,target,10,42,classical,medianmode,Median/Mode,,,success,,/Users/janawue/Desktop/Masterthesis/master/data/raw/german_statlog_numeric.csv,/Users/janawue/Desktop/Masterthesis/master/data/processed/MCAR/german_statlog_numeric_mcar_duration_10pct.csv,100,13.402238618977055,1.035949386677697,0.009467541007325053
R000415,2026-06-10T14:32:05.984582+00:00,statlog,German Statlog,X2,MCAR_TARGET,MCAR,target,10,202,classical,medianmode,Median/Mode,,,success,,/Users/janawue/Desktop/Masterthesis/master/data/raw/german_statlog_numeric.csv,/Users/janawue/Desktop/Masterthesis/master/data/processed/MCAR/german_statlog_numeric_mcar_duration_10pct.csv,100,13.402238618977055,1.035949386677697,0.00928433402441442
R000420,2026-06-10T14:32:05.994044+00:00,statlog,German Statlog,X2,MCAR_TARGET,MCAR,target,10,303,classical,medianmode,Median/Mode,,,success,,/Users/janawue/Desktop/Masterthesis/master/data/raw/german_statlog_numeric.csv,/Users/janawue/Desktop/Masterthesis/master/data/processed/MCAR/german_statlog_numeric_mcar_duration_10pct.csv,100,13.402238618977055,1.035949386677697,0.009415708016604185
R000425,2026-06-10T14:32:06.003571+00:00,statlog,German Statlog,X2,MCAR_TARGET,MCAR,target,10,404,classical,medianmode,Median/Mode,,,success,,/Users/janawue/Desktop/Masterthesis/master/data/raw/german_statlog_numeric.csv,/Users/janawue/Desktop/Masterthesis/master/data/processed/MCAR/german_statlog_numeric_mcar_duration_10pct.csv,100,13.402238618977055,1.035949386677697,0.009483959060162306
R000430,2026-06-10T14:32:06.012866+00:00,statlog,German Statlog,X2,MCAR_TARGET,MCAR,target,10,505,classical,medianmode,Median/Mode,,,success,,/Users/janawue/Desktop/Masterthesis/master/data/raw/german_statlog_numeric.csv,/Users/janawue/Desktop/Masterthesis/master/data/processed/MCAR/german_statlog_numeric_mcar_duration_10pct.csv,100,13.402238618977055,1.035949386677697,0.009257624973542988
R000444,2026-06-10T14:32:06.022110+00:00,statlog,German Statlog,X2,MCAR_TARGET,MCAR,target,15,42,classical,medianmode,Median/Mode,,,success,,/Users/janawue/Desktop/Masterthesis/master/data/raw/german_statlog_numeric.csv,/Users/janawue/Desktop/Masterthesis/master/data/processed/MCAR/german_statlog_numeric_mcar_duration_15pct.csv,150,12.609784560676152,1.0143469447379794,0.009196625091135502
R000449,2026-06-10T14:32:06.031777+00:00,statlog,German Statlog,X2,MCAR_TARGET,MCAR,target,15,202,classical,medianmode,Median/Mode,,,success,,/Users/janawue/Desktop/Masterthesis/master/data/raw/german_statlog_numeric.csv,/Users/janawue/Desktop/Masterthesis/master/data/processed/MCAR/german_statlog_numeric_mcar_duration_15pct.csv,150,12.609784560676152,1.0143469447379794,0.009634167072363198
R000454,2026-06-10T14:32:06.041101+00:00,statlog,German Statlog,X2,MCAR_TARGET,MCAR,target,15,303,classical,medianmode,Median/Mode,,,success,,/Users/janawue/Desktop/Masterthesis/master/data/raw/german_statlog_numeric.csv,/Users/janawue/Desktop/Masterthesis/master/data/processed/MCAR/german_statlog_numeric_mcar_duration_15pct.csv,150,12.609784560676152,1.0143469447379794,0.00928025005850941
R000459,2026-06-10T14:32:06.050354+00:00,statlog,German Statlog,X2,MCAR_TARGET,MCAR,target,15,404,classical,medianmode,Median/Mode,,,success,,/Users/janawue/Desktop/Masterthesis/master/data/raw/german_statlog_numeric.csv,/Users/janawue/Desktop/Masterthesis/master/data/processed/MCAR/german_statlog_numeric_mcar_duration_15pct.csv,150,12.609784560676152,1.0143469447379794,0.009215459111146629
R000464,2026-06-10T14:32:06.059969+00:00,statlog,German Statlog,X2,MCAR_TARGET,MCAR,target,15,505,classical,medianmode,Median/Mode,,,success,,/Users/janawue/Desktop/Masterthesis/master/data/raw/german_statlog_numeric.csv,/Users/janawue/Desktop/Masterthesis/master/data/processed/MCAR/german_statlog_numeric_mcar_duration_15pct.csv,150,12.609784560676152,1.0143469447379794,0.009572957991622388
R000478,2026-06-10T14:32:06.070612+00:00,statlog,German Statlog,X2,MCAR_GLOBAL,MCAR,global,10,42,classical,medianmode,Median/Mode,,,success,,/Users/janawue/Desktop/Masterthesis/master/data/raw/german_statlog_numeric.csv,/Users/janawue/Desktop/Masterthesis/master/data/processed/MCAR/german_statlog_numeric_mcar_10pct.csv,81,13.509484551214609,1.0352191337460295,0.010608457960188389
R000483,2026-06-10T14:32:06.081274+00:00,statlog,German Statlog,X2,MCAR_GLOBAL,MCAR,global,10,202,classical,medianmode,Median/Mode,,,success,,/Users/janawue/Desktop/Masterthesis/master/data/raw/german_statlog_numeric.csv,/Users/janawue/Desktop/Masterthesis/master/data/processed/MCAR/german_statlog_numeric_mcar_10pct.csv,81,13.509484551214609,1.0352191337460295,0.01061837503220886
R000488,2026-06-10T14:32:06.091694+00:00,statlog,German Statlog,X2,MCAR_GLOBAL,MCAR,global,10,303,classical,medianmode,Median/Mode,,,success,,/Users/janawue/Desktop/Masterthesis/master/data/raw/german_statlog_numeric.csv,/Users/janawue/Desktop/Masterthesis/master/data/processed/MCAR/german_statlog_numeric_mcar_10pct.csv,81,13.509484551214609,1.0352191337460295,0.010382916079834104
R000493,2026-06-10T14:32:06.101883+00:00,statlog,German Statlog,X2,MCAR_GLOBAL,MCAR,global,10,404,classical,medianmode,Median/Mode,,,success,,/Users/janawue/Desktop/Masterthesis/master/data/raw/german_statlog_numeric.csv,/Users/janawue/Desktop/Masterthesis/master/data/processed/MCAR/german_statlog_numeric_mcar_10pct.csv,81,13.509484551214609,1.0352191337460295,0.010149416048079729
R000498,2026-06-10T14:32:06.112385+00:00,statlog,German Statlog,X2,MCAR_GLOBAL,MCAR,global,10,505,classical,medianmode,Median/Mode,,,success,,/Users/janawue/Desktop/Masterthesis/master/data/raw/german_statlog_numeric.csv,/Users/janawue/Desktop/Masterthesis/master/data/processed/MCAR/german_statlog_numeric_mcar_10pct.csv,81,13.509484551214609,1.0352191337460295,0.010464374907314777
R000512,2026-06-10T14:32:06.124636+00:00,statlog,German Statlog,X2,MCAR_GLOBAL,MCAR,global,15,42,classical,medianmode,Median/Mode,,,success,,/Users/janawue/Desktop/Masterthesis/master/data/raw/german_statlog_numeric.csv,/Users/janawue/Desktop/Masterthesis/master/data/processed/MCAR/german_statlog_numeric_mcar_15pct.csv,143,12.669825394395755,1.027039511759053,0.012207459076307714
R000517,2026-06-10T14:32:06.135051+00:00,statlog,German Statlog,X2,MCAR_GLOBAL,MCAR,global,15,202,classical,medianmode,Median/Mode,,,success,,/Users/janawue/Desktop/Masterthesis/master/data/raw/german_statlog_numeric.csv,/Users/janawue/Desktop/Masterthesis/master/data/processed/MCAR/german_statlog_numeric_mcar_15pct.csv,143,12.669825394395755,1.027039511759053,0.010368500021286309
R000522,2026-06-10T14:32:06.144981+00:00,statlog,German Statlog,X2,MCAR_GLOBAL,MCAR,global,15,303,classical,medianmode,Median/Mode,,,success,,/Users/janawue/Desktop/Masterthesis/master/data/raw/german_statlog_numeric.csv,/Users/janawue/Desktop/Masterthesis/master/data/processed/MCAR/german_statlog_numeric_mcar_15pct.csv,143,12.669825394395755,1.027039511759053,0.00989104202017188
R000527,2026-06-10T14:32:06.155325+00:00,statlog,German Statlog,X2,MCAR_GLOBAL,MCAR,global,15,404,classical,medianmode,Median/Mode,,,success,,/Users/janawue/Desktop/Masterthesis/master/data/raw/german_statlog_numeric.csv,/Users/janawue/Desktop/Masterthesis/master/data/processed/MCAR/german_statlog_numeric_mcar_15pct.csv,143,12.669825394395755,1.027039511759053,0.010308708995580673
R000532,2026-06-10T14:32:06.165595+00:00,statlog,German Statlog,X2,MCAR_GLOBAL,MCAR,global,15,505,classical,medianmode,Median/Mode,,,success,,/Users/janawue/Desktop/Masterthesis/master/data/raw/german_statlog_numeric.csv,/Users/janawue/Desktop/Masterthesis/master/data/processed/MCAR/german_statlog_numeric_mcar_15pct.csv,143,12.669825394395755,1.027039511759053,0.010218458017334342
R000546,2026-06-10T14:32:06.298462+00:00,creditcard,German Credit Card,BILL_AMT1,MAR_TARGET,MAR,target,10,42,classical,medianmode,Median/Mode,,,success,,/Users/janawue/Desktop/Masterthesis/master/data/raw/default_of_credit_card_clients.csv,/Users/janawue/Desktop/Masterthesis/master/data/processed/MAR/german_credit_mar_billamt1_pay0_10pct.csv,3000,85546.7706220755,1.1229570349396858,0.13283820904325694
R000551,2026-06-10T14:32:06.437020+00:00,creditcard,German Credit Card,BILL_AMT1,MAR_TARGET,MAR,target,10,202,classical,medianmode,Median/Mode,,,success,,/Users/janawue/Desktop/Masterthesis/master/data/raw/default_of_credit_card_clients.csv,/Users/janawue/Desktop/Masterthesis/master/data/processed/MAR/german_credit_mar_billamt1_pay0_10pct.csv,3000,85546.7706220755,1.1229570349396858,0.13852104195393622
R000556,2026-06-10T14:32:06.570233+00:00,creditcard,German Credit Card,BILL_AMT1,MAR_TARGET,MAR,target,10,303,classical,medianmode,Median/Mode,,,success,,/Users/janawue/Desktop/Masterthesis/master/data/raw/default_of_credit_card_clients.csv,/Users/janawue/Desktop/Masterthesis/master/data/processed/MAR/german_credit_mar_billamt1_pay0_10pct.csv,3000,85546.7706220755,1.1229570349396858,0.1331662079319358
R000561,2026-06-10T14:32:06.703966+00:00,creditcard,German Credit Card,BILL_AMT1,MAR_TARGET,MAR,target,10,404,classical,medianmode,Median/Mode,,,success,,/Users/janawue/Desktop/Masterthesis/master/data/raw/default_of_credit_card_clients.csv,/Users/janawue/Desktop/Masterthesis/master/data/processed/MAR/german_credit_mar_billamt1_pay0_10pct.csv,3000,85546.7706220755,1.1229570349396858,0.1336803340818733
R000566,2026-06-10T14:32:06.836104+00:00,creditcard,German Credit Card,BILL_AMT1,MAR_TARGET,MAR,target,10,505,classical,medianmode,Median/Mode,,,success,,/Users/janawue/Desktop/Masterthesis/master/data/raw/default_of_credit_card_clients.csv,/Users/janawue/Desktop/Masterthesis/master/data/processed/MAR/german_credit_mar_billamt1_pay0_10pct.csv,3000,85546.7706220755,1.1229570349396858,0.1321069170953706
R000580,2026-06-10T14:32:06.976402+00:00,creditcard,German Credit Card,BILL_AMT1,MAR_TARGET,MAR,target,15,42,classical,medianmode,Median/Mode,,,success,,/Users/janawue/Desktop/Masterthesis/master/data/raw/default_of_credit_card_clients.csv,/Users/janawue/Desktop/Masterthesis/master/data/processed/MAR/german_credit_mar_billamt1_pay0_15pct.csv,4500,85713.77340004995,1.1260411508177337,0.14024624996818602
R000585,2026-06-10T14:32:07.109206+00:00,creditcard,German Credit Card,BILL_AMT1,MAR_TARGET,MAR,target,15,202,classical,medianmode,Median/Mode,,,success,,/Users/janawue/Desktop/Masterthesis/master/data/raw/default_of_credit_card_clients.csv,/Users/janawue/Desktop/Masterthesis/master/data/processed/MAR/german_credit_mar_billamt1_pay0_15pct.csv,4500,85713.77340004995,1.1260411508177337,0.13276254199445248
R000590,2026-06-10T14:32:07.245448+00:00,creditcard,German Credit Card,BILL_AMT1,MAR_TARGET,MAR,target,15,303,classical,medianmode,Median/Mode,,,success,,/Users/janawue/Desktop/Masterthesis/master/data/raw/default_of_credit_card_clients.csv,/Users/janawue/Desktop/Masterthesis/master/data/processed/MAR/german_credit_mar_billamt1_pay0_15pct.csv,4500,85713.77340004995,1.1260411508177337,0.1362170419888571
R000595,2026-06-10T14:32:07.383795+00:00,creditcard,German Credit Card,BILL_AMT1,MAR_TARGET,MAR,target,15,404,classical,medianmode,Median/Mode,,,success,,/Users/janawue/Desktop/Masterthesis/master/data/raw/default_of_credit_card_clients.csv,/Users/janawue/Desktop/Masterthesis/master/data/processed/MAR/german_credit_mar_billamt1_pay0_15pct.csv,4500,85713.77340004995,1.1260411508177337,0.13830012502148747
R000600,2026-06-10T14:32:07.520874+00:00,creditcard,German Credit Card,BILL_AMT1,MAR_TARGET,MAR,target,15,505,classical,medianmode,Median/Mode,,,success,,/Users/janawue/Desktop/Masterthesis/master/data/raw/default_of_credit_card_clients.csv,/Users/janawue/Desktop/Masterthesis/master/data/processed/MAR/german_credit_mar_billamt1_pay0_15pct.csv,4500,85713.77340004995,1.1260411508177337,0.13702799996826798
R000614,2026-06-10T14:32:07.658156+00:00,creditcard,German Credit Card,BILL_AMT1,MNAR_TARGET,MNAR,target,10,42,classical,medianmode,Median/Mode,,,success,,/Users/janawue/Desktop/Masterthesis/master/data/raw/default_of_credit_card_clients.csv,/Users/janawue/Desktop/Masterthesis/master/data/processed/MNAR/german_credit_mnar_billamt1_10pct.csv,3000,110454.2173301726,1.2423381809598157,0.13721541699487716
R000619,2026-06-10T14:32:07.793296+00:00,creditcard,German Credit Card,BILL_AMT1,MNAR_TARGET,MNAR,target,10,202,classical,medianmode,Median/Mode,,,success,,/Users/janawue/Desktop/Masterthesis/master/data/raw/default_of_credit_card_clients.csv,/Users/janawue/Desktop/Masterthesis/master/data/processed/MNAR/german_credit_mnar_billamt1_10pct.csv,3000,110454.2173301726,1.2423381809598157,0.13509866606909782
R000624,2026-06-10T14:32:07.925532+00:00,creditcard,German Credit Card,BILL_AMT1,MNAR_TARGET,MNAR,target,10,303,classical,medianmode,Median/Mode,,,success,,/Users/janawue/Desktop/Masterthesis/master/data/raw/default_of_credit_card_clients.csv,/Users/janawue/Desktop/Masterthesis/master/data/processed/MNAR/german_credit_mnar_billamt1_10pct.csv,3000,110454.2173301726,1.2423381809598157,0.13219099992420524
R000629,2026-06-10T14:32:08.060215+00:00,creditcard,German Credit Card,BILL_AMT1,MNAR_TARGET,MNAR,target,10,404,classical,medianmode,Median/Mode,,,success,,/Users/janawue/Desktop/Masterthesis/master/data/raw/default_of_credit_card_clients.csv,/Users/janawue/Desktop/Masterthesis/master/data/processed/MNAR/german_credit_mnar_billamt1_10pct.csv,3000,110454.2173301726,1.2423381809598157,0.13464112498331815
R000634,2026-06-10T14:32:08.195725+00:00,creditcard,German Credit Card,BILL_AMT1,MNAR_TARGET,MNAR,target,10,505,classical,medianmode,Median/Mode,,,success,,/Users/janawue/Desktop/Masterthesis/master/data/raw/default_of_credit_card_clients.csv,/Users/janawue/Desktop/Masterthesis/master/data/processed/MNAR/german_credit_mnar_billamt1_10pct.csv,3000,110454.2173301726,1.2423381809598157,0.13547712506260723
R000648,2026-06-10T14:32:08.336903+00:00,creditcard,German Credit Card,BILL_AMT1,MNAR_TARGET,MNAR,target,15,42,classical,medianmode,Median/Mode,,,success,,/Users/janawue/Desktop/Masterthesis/master/data/raw/default_of_credit_card_clients.csv,/Users/janawue/Desktop/Masterthesis/master/data/processed/MNAR/german_credit_mnar_billamt1_15pct.csv,4500,109604.31061041247,1.239447795572068,0.14115083299111575
R000653,2026-06-10T14:32:08.470686+00:00,creditcard,German Credit Card,BILL_AMT1,MNAR_TARGET,MNAR,target,15,202,classical,medianmode,Median/Mode,,,success,,/Users/janawue/Desktop/Masterthesis/master/data/raw/default_of_credit_card_clients.csv,/Users/janawue/Desktop/Masterthesis/master/data/processed/MNAR/german_credit_mnar_billamt1_15pct.csv,4500,109604.31061041247,1.239447795572068,0.13369849999435246
R000658,2026-06-10T14:32:08.621297+00:00,creditcard,German Credit Card,BILL_AMT1,MNAR_TARGET,MNAR,target,15,303,classical,medianmode,Median/Mode,,,success,,/Users/janawue/Desktop/Masterthesis/master/data/raw/default_of_credit_card_clients.csv,/Users/janawue/Desktop/Masterthesis/master/data/processed/MNAR/german_credit_mnar_billamt1_15pct.csv,4500,109604.31061041247,1.239447795572068,0.15057429193984717
R000663,2026-06-10T14:32:08.751537+00:00,creditcard,German Credit Card,BILL_AMT1,MNAR_TARGET,MNAR,target,15,404,classical,medianmode,Median/Mode,,,success,,/Users/janawue/Desktop/Masterthesis/master/data/raw/default_of_credit_card_clients.csv,/Users/janawue/Desktop/Masterthesis/master/data/processed/MNAR/german_credit_mnar_billamt1_15pct.csv,4500,109604.31061041247,1.239447795572068,0.1301764170639217
R000668,2026-06-10T14:32:08.883626+00:00,creditcard,German Credit Card,BILL_AMT1,MNAR_TARGET,MNAR,target,15,505,classical,medianmode,Median/Mode,,,success,,/Users/janawue/Desktop/Masterthesis/master/data/raw/default_of_credit_card_clients.csv,/Users/janawue/Desktop/Masterthesis/master/data/processed/MNAR/german_credit_mnar_billamt1_15pct.csv,4500,109604.31061041247,1.239447795572068,0.13205562508665025
R000682,2026-06-10T14:32:09.018415+00:00,creditcard,German Credit Card,BILL_AMT1,MCAR_TARGET,MCAR,target,10,42,classical,medianmode,Median/Mode,,,success,,/Users/janawue/Desktop/Masterthesis/master/data/raw/default_of_credit_card_clients.csv,/Users/janawue/Desktop/Masterthesis/master/data/processed/MCAR/german_credit_mcar_billamt1_10pct.csv,3000,74208.67643528394,1.0729990573449606,0.13474524999037385
R000687,2026-06-10T14:32:09.149679+00:00,creditcard,German Credit Card,BILL_AMT1,MCAR_TARGET,MCAR,target,10,202,classical,medianmode,Median/Mode,,,success,,/Users/janawue/Desktop/Masterthesis/master/data/raw/default_of_credit_card_clients.csv,/Users/janawue/Desktop/Masterthesis/master/data/processed/MCAR/german_credit_mcar_billamt1_10pct.csv,3000,74208.67643528394,1.0729990573449606,0.1312134579056874
R000692,2026-06-10T14:32:09.283425+00:00,creditcard,German Credit Card,BILL_AMT1,MCAR_TARGET,MCAR,target,10,303,classical,medianmode,Median/Mode,,,success,,/Users/janawue/Desktop/Masterthesis/master/data/raw/default_of_credit_card_clients.csv,/Users/janawue/Desktop/Masterthesis/master/data/processed/MCAR/german_credit_mcar_billamt1_10pct.csv,3000,74208.67643528394,1.0729990573449606,0.1337061250815168
R000697,2026-06-10T14:32:09.416823+00:00,creditcard,German Credit Card,BILL_AMT1,MCAR_TARGET,MCAR,target,10,404,classical,medianmode,Median/Mode,,,success,,/Users/janawue/Desktop/Masterthesis/master/data/raw/default_of_credit_card_clients.csv,/Users/janawue/Desktop/Masterthesis/master/data/processed/MCAR/german_credit_mcar_billamt1_10pct.csv,3000,74208.67643528394,1.0729990573449606,0.1333498329622671
R000702,2026-06-10T14:32:09.554980+00:00,creditcard,German Credit Card,BILL_AMT1,MCAR_TARGET,MCAR,target,10,505,classical,medianmode,Median/Mode,,,success,,/Users/janawue/Desktop/Masterthesis/master/data/raw/default_of_credit_card_clients.csv,/Users/janawue/Desktop/Masterthesis/master/data/processed/MCAR/german_credit_mcar_billamt1_10pct.csv,3000,74208.67643528394,1.0729990573449606,0.13810883299447596
R000716,2026-06-10T14:32:09.695046+00:00,creditcard,German Credit Card,BILL_AMT1,MCAR_TARGET,MCAR,target,15,42,classical,medianmode,Median/Mode,,,success,,/Users/janawue/Desktop/Masterthesis/master/data/raw/default_of_credit_card_clients.csv,/Users/janawue/Desktop/Masterthesis/master/data/processed/MCAR/german_credit_mcar_billamt1_15pct.csv,4500,78784.5103157312,1.0769680531165866,0.14001241698861122
R000721,2026-06-10T14:32:09.835320+00:00,creditcard,German Credit Card,BILL_AMT1,MCAR_TARGET,MCAR,target,15,202,classical,medianmode,Median/Mode,,,success,,/Users/janawue/Desktop/Masterthesis/master/data/raw/default_of_credit_card_clients.csv,/Users/janawue/Desktop/Masterthesis/master/data/processed/MCAR/german_credit_mcar_billamt1_15pct.csv,4500,78784.5103157312,1.0769680531165866,0.14023324998561293
R000726,2026-06-10T14:32:09.975070+00:00,creditcard,German Credit Card,BILL_AMT1,MCAR_TARGET,MCAR,target,15,303,classical,medianmode,Median/Mode,,,success,,/Users/janawue/Desktop/Masterthesis/master/data/raw/default_of_credit_card_clients.csv,/Users/janawue/Desktop/Masterthesis/master/data/processed/MCAR/german_credit_mcar_billamt1_15pct.csv,4500,78784.5103157312,1.0769680531165866,0.1397050420055166
R000731,2026-06-10T14:32:10.111234+00:00,creditcard,German Credit Card,BILL_AMT1,MCAR_TARGET,MCAR,target,15,404,classical,medianmode,Median/Mode,,,success,,/Users/janawue/Desktop/Masterthesis/master/data/raw/default_of_credit_card_clients.csv,/Users/janawue/Desktop/Masterthesis/master/data/processed/MCAR/german_credit_mcar_billamt1_15pct.csv,4500,78784.5103157312,1.0769680531165866,0.136123750009574
R000736,2026-06-10T14:32:10.243737+00:00,creditcard,German Credit Card,BILL_AMT1,MCAR_TARGET,MCAR,target,15,505,classical,medianmode,Median/Mode,,,success,,/Users/janawue/Desktop/Masterthesis/master/data/raw/default_of_credit_card_clients.csv,/Users/janawue/Desktop/Masterthesis/master/data/processed/MCAR/german_credit_mcar_billamt1_15pct.csv,4500,78784.5103157312,1.0769680531165866,0.13246620900463313
R000750,2026-06-10T14:32:10.381763+00:00,creditcard,German Credit Card,BILL_AMT1,MCAR_GLOBAL,MCAR,global,10,42,classical,medianmode,Median/Mode,,,success,,/Users/janawue/Desktop/Masterthesis/master/data/raw/default_of_credit_card_clients.csv,/Users/janawue/Desktop/Masterthesis/master/data/processed/MCAR/german_credit_mcar_10pct.csv,3030,80330.14953882426,1.072326948116144,0.1379767080070451
R000755,2026-06-10T14:32:10.517287+00:00,creditcard,German Credit Card,BILL_AMT1,MCAR_GLOBAL,MCAR,global,10,202,classical,medianmode,Median/Mode,,,success,,/Users/janawue/Desktop/Masterthesis/master/data/raw/default_of_credit_card_clients.csv,/Users/janawue/Desktop/Masterthesis/master/data/processed/MCAR/german_credit_mcar_10pct.csv,3030,80330.14953882426,1.072326948116144,0.13549441692885011
R000760,2026-06-10T14:32:10.656698+00:00,creditcard,German Credit Card,BILL_AMT1,MCAR_GLOBAL,MCAR,global,10,303,classical,medianmode,Median/Mode,,,success,,/Users/janawue/Desktop/Masterthesis/master/data/raw/default_of_credit_card_clients.csv,/Users/janawue/Desktop/Masterthesis/master/data/processed/MCAR/german_credit_mcar_10pct.csv,3030,80330.14953882426,1.072326948116144,0.13935495901387185
R000765,2026-06-10T14:32:10.814672+00:00,creditcard,German Credit Card,BILL_AMT1,MCAR_GLOBAL,MCAR,global,10,404,classical,medianmode,Median/Mode,,,success,,/Users/janawue/Desktop/Masterthesis/master/data/raw/default_of_credit_card_clients.csv,/Users/janawue/Desktop/Masterthesis/master/data/processed/MCAR/german_credit_mcar_10pct.csv,3030,80330.14953882426,1.072326948116144,0.15793208393733948
R000770,2026-06-10T14:32:10.946618+00:00,creditcard,German Credit Card,BILL_AMT1,MCAR_GLOBAL,MCAR,global,10,505,classical,medianmode,Median/Mode,,,success,,/Users/janawue/Desktop/Masterthesis/master/data/raw/default_of_credit_card_clients.csv,/Users/janawue/Desktop/Masterthesis/master/data/processed/MCAR/german_credit_mcar_10pct.csv,3030,80330.14953882426,1.072326948116144,0.13190545805264264
R000784,2026-06-10T14:32:11.079127+00:00,creditcard,German Credit Card,BILL_AMT1,MCAR_GLOBAL,MCAR,global,15,42,classical,medianmode,Median/Mode,,,success,,/Users/janawue/Desktop/Masterthesis/master/data/raw/default_of_credit_card_clients.csv,/Users/janawue/Desktop/Masterthesis/master/data/processed/MCAR/german_credit_mcar_15pct.csv,4523,79373.0413238289,1.0751007834208683,0.13245137501507998
R000789,2026-06-10T14:32:11.214311+00:00,creditcard,German Credit Card,BILL_AMT1,MCAR_GLOBAL,MCAR,global,15,202,classical,medianmode,Median/Mode,,,success,,/Users/janawue/Desktop/Masterthesis/master/data/raw/default_of_credit_card_clients.csv,/Users/janawue/Desktop/Masterthesis/master/data/processed/MCAR/german_credit_mcar_15pct.csv,4523,79373.0413238289,1.0751007834208683,0.13513595797121525
R000794,2026-06-10T14:32:11.352785+00:00,creditcard,German Credit Card,BILL_AMT1,MCAR_GLOBAL,MCAR,global,15,303,classical,medianmode,Median/Mode,,,success,,/Users/janawue/Desktop/Masterthesis/master/data/raw/default_of_credit_card_clients.csv,/Users/janawue/Desktop/Masterthesis/master/data/processed/MCAR/german_credit_mcar_15pct.csv,4523,79373.0413238289,1.0751007834208683,0.13843733305111527
R000799,2026-06-10T14:32:11.488740+00:00,creditcard,German Credit Card,BILL_AMT1,MCAR_GLOBAL,MCAR,global,15,404,classical,medianmode,Median/Mode,,,success,,/Users/janawue/Desktop/Masterthesis/master/data/raw/default_of_credit_card_clients.csv,/Users/janawue/Desktop/Masterthesis/master/data/processed/MCAR/german_credit_mcar_15pct.csv,4523,79373.0413238289,1.0751007834208683,0.13591129193082452
R000804,2026-06-10T14:32:11.625646+00:00,creditcard,German Credit Card,BILL_AMT1,MCAR_GLOBAL,MCAR,global,15,505,classical,medianmode,Median/Mode,,,success,,/Users/janawue/Desktop/Masterthesis/master/data/raw/default_of_credit_card_clients.csv,/Users/janawue/Desktop/Masterthesis/master/data/processed/MCAR/german_credit_mcar_15pct.csv,4523,79373.0413238289,1.0751007834208683,0.13685050001367927
