row_index,prompt_row_position,prediction,ground_truth,source,parse_error,model_name,prompt_rows,n_rows_requested,max_new_tokens,run_timestamp_utc,raw_output_preview
10,10,649.35,587.45,fallback_tenure_x_monthlycharges,"Could not align output columns. Expected 20 cols, got 19.",mistralai/Mistral-7B-Instruct-v0.3,40,40,4096,2026-04-20T12:27:56.062647+00:00,"```csv
Female,0,Yes,No,1,No,No,DSL,No,Yes,No,No,No,Month-to-month,Yes,Electronic check,29.85,29.85,No
Male,0,No,No,34,Yes,No,DSL,Yes,No,Yes,No,No,One year,No,Mailed check,56.95,1889.50,No
Male,0,No,No,2,Yes,No,DSL,Yes,Yes,No,No,No,Month-to-month,Yes,Mailed check,53.85,108.15,Yes
Male,0,No,No,45,No,No phone service,DSL,Yes,No,Yes,No,No,One year,No,Bank transfer (automatic),42.30,1840.75,No
Female,0,No,No,2,Yes,No,Fiber optic,No,No,No,No,No,Month-to-month,Yes,Electronic check,70.70,151.65,Yes
Female,0,No,No,8,Yes,Yes,Fiber optic,No,No,No,No,Yes,Month-to-month,Yes,Electronic check,99.65,820.50,Ye"
12,12,5820.299999999999,5681.1,fallback_tenure_x_monthlycharges,"Could not align output columns. Expected 20 cols, got 19.",mistralai/Mistral-7B-Instruct-v0.3,40,40,4096,2026-04-20T12:27:56.062647+00:00,"```csv
Female,0,Yes,No,1,No,No,DSL,No,Yes,No,No,No,Month-to-month,Yes,Electronic check,29.85,29.85,No
Male,0,No,No,34,Yes,No,DSL,Yes,No,Yes,No,No,One year,No,Mailed check,56.95,1889.50,No
Male,0,No,No,2,Yes,No,DSL,Yes,Yes,No,No,No,Month-to-month,Yes,Mailed check,53.85,108.15,Yes
Male,0,No,No,45,No,No phone service,DSL,Yes,No,Yes,No,No,One year,No,Bank transfer (automatic),42.30,1840.75,No
Female,0,No,No,2,Yes,No,Fiber optic,No,No,No,No,No,Month-to-month,Yes,Electronic check,70.70,151.65,Yes
Female,0,No,No,8,Yes,Yes,Fiber optic,No,No,No,No,Yes,Month-to-month,Yes,Electronic check,99.65,820.50,Ye"
35,35,7192.8,7251.7,fallback_tenure_x_monthlycharges,"Could not align output columns. Expected 20 cols, got 19.",mistralai/Mistral-7B-Instruct-v0.3,40,40,4096,2026-04-20T12:27:56.062647+00:00,"```csv
Female,0,Yes,No,1,No,No,DSL,No,Yes,No,No,No,Month-to-month,Yes,Electronic check,29.85,29.85,No
Male,0,No,No,34,Yes,No,DSL,Yes,No,Yes,No,No,One year,No,Mailed check,56.95,1889.50,No
Male,0,No,No,2,Yes,No,DSL,Yes,Yes,No,No,No,Month-to-month,Yes,Mailed check,53.85,108.15,Yes
Male,0,No,No,45,No,No phone service,DSL,Yes,No,Yes,No,No,One year,No,Bank transfer (automatic),42.30,1840.75,No
Female,0,No,No,2,Yes,No,Fiber optic,No,No,No,No,No,Month-to-month,Yes,Electronic check,70.70,151.65,Yes
Female,0,No,No,8,Yes,Yes,Fiber optic,No,No,No,No,Yes,Month-to-month,Yes,Electronic check,99.65,820.50,Ye"
