row_index,prediction,ground_truth,source,batch_id,raw_output,model_name,prompt_style,batch_size,batch_col_size,n_examples_requested,run_timestamp_utc,leakage_guard_enabled,reference_source
10,649.35,587.45,fallback_tenure_x_monthlycharges,,,mistralai/Mistral-7B-Instruct-v0.3,BatchImputation,40,10,100,2026-04-20T11:59:46.114309+00:00,True,df_missing_observed_rows_background_only
12,5820.299999999999,5681.1,fallback_tenure_x_monthlycharges,,,mistralai/Mistral-7B-Instruct-v0.3,BatchImputation,40,10,100,2026-04-20T11:59:46.114309+00:00,True,df_missing_observed_rows_background_only
35,7192.8,7251.7,fallback_tenure_x_monthlycharges,,,mistralai/Mistral-7B-Instruct-v0.3,BatchImputation,40,10,100,2026-04-20T11:59:46.114309+00:00,True,df_missing_observed_rows_background_only
41,4844.0,4872.35,fallback_tenure_x_monthlycharges,,,mistralai/Mistral-7B-Instruct-v0.3,BatchImputation,40,10,100,2026-04-20T11:59:46.114309+00:00,True,df_missing_observed_rows_background_only
54,4491.0,4456.35,fallback_tenure_x_monthlycharges,,,mistralai/Mistral-7B-Instruct-v0.3,BatchImputation,40,10,100,2026-04-20T11:59:46.114309+00:00,True,df_missing_observed_rows_background_only
55,1718.1000000000001,1752.55,fallback_tenure_x_monthlycharges,,,mistralai/Mistral-7B-Instruct-v0.3,BatchImputation,40,10,100,2026-04-20T11:59:46.114309+00:00,True,df_missing_observed_rows_background_only
75,6188.0,6139.5,fallback_tenure_x_monthlycharges,,,mistralai/Mistral-7B-Instruct-v0.3,BatchImputation,40,10,100,2026-04-20T11:59:46.114309+00:00,True,df_missing_observed_rows_background_only
87,991.1999999999999,1057.0,fallback_tenure_x_monthlycharges,,,mistralai/Mistral-7B-Instruct-v0.3,BatchImputation,40,10,100,2026-04-20T11:59:46.114309+00:00,True,df_missing_observed_rows_background_only
96,4746.349999999999,4748.7,fallback_tenure_x_monthlycharges,,,mistralai/Mistral-7B-Instruct-v0.3,BatchImputation,40,10,100,2026-04-20T11:59:46.114309+00:00,True,df_missing_observed_rows_background_only
103,3006.2999999999997,3027.25,fallback_tenure_x_monthlycharges,,,mistralai/Mistral-7B-Instruct-v0.3,BatchImputation,40,10,100,2026-04-20T11:59:46.114309+00:00,True,df_missing_observed_rows_background_only
120,5588.8,5515.45,fallback_tenure_x_monthlycharges,,,mistralai/Mistral-7B-Instruct-v0.3,BatchImputation,40,10,100,2026-04-20T11:59:46.114309+00:00,True,df_missing_observed_rows_background_only
121,124.19999999999999,112.75,fallback_tenure_x_monthlycharges,,,mistralai/Mistral-7B-Instruct-v0.3,BatchImputation,40,10,100,2026-04-20T11:59:46.114309+00:00,True,df_missing_observed_rows_background_only
144,1700.45,1756.2,fallback_tenure_x_monthlycharges,,,mistralai/Mistral-7B-Instruct-v0.3,BatchImputation,40,10,100,2026-04-20T11:59:46.114309+00:00,True,df_missing_observed_rows_background_only
148,1935.0,1929.95,fallback_tenure_x_monthlycharges,,,mistralai/Mistral-7B-Instruct-v0.3,BatchImputation,40,10,100,2026-04-20T11:59:46.114309+00:00,True,df_missing_observed_rows_background_only
157,443.29999999999995,419.9,fallback_tenure_x_monthlycharges,,,mistralai/Mistral-7B-Instruct-v0.3,BatchImputation,40,10,100,2026-04-20T11:59:46.114309+00:00,True,df_missing_observed_rows_background_only
158,1028.0,1024.0,fallback_tenure_x_monthlycharges,,,mistralai/Mistral-7B-Instruct-v0.3,BatchImputation,40,10,100,2026-04-20T11:59:46.114309+00:00,True,df_missing_observed_rows_background_only
173,5027.049999999999,5000.2,fallback_tenure_x_monthlycharges,,,mistralai/Mistral-7B-Instruct-v0.3,BatchImputation,40,10,100,2026-04-20T11:59:46.114309+00:00,True,df_missing_observed_rows_background_only
205,2638.35,2684.85,fallback_tenure_x_monthlycharges,,,mistralai/Mistral-7B-Instruct-v0.3,BatchImputation,40,10,100,2026-04-20T11:59:46.114309+00:00,True,df_missing_observed_rows_background_only
209,6556.8,6654.1,fallback_tenure_x_monthlycharges,,,mistralai/Mistral-7B-Instruct-v0.3,BatchImputation,40,10,100,2026-04-20T11:59:46.114309+00:00,True,df_missing_observed_rows_background_only
217,3735.6,3789.2,fallback_tenure_x_monthlycharges,,,mistralai/Mistral-7B-Instruct-v0.3,BatchImputation,40,10,100,2026-04-20T11:59:46.114309+00:00,True,df_missing_observed_rows_background_only
247,1116.0,1074.3,fallback_tenure_x_monthlycharges,,,mistralai/Mistral-7B-Instruct-v0.3,BatchImputation,40,10,100,2026-04-20T11:59:46.114309+00:00,True,df_missing_observed_rows_background_only
256,7021.099999999999,7008.15,fallback_tenure_x_monthlycharges,,,mistralai/Mistral-7B-Instruct-v0.3,BatchImputation,40,10,100,2026-04-20T11:59:46.114309+00:00,True,df_missing_observed_rows_background_only
257,5717.5,5791.1,fallback_tenure_x_monthlycharges,,,mistralai/Mistral-7B-Instruct-v0.3,BatchImputation,40,10,100,2026-04-20T11:59:46.114309+00:00,True,df_missing_observed_rows_background_only
263,1545.3500000000001,1520.1,fallback_tenure_x_monthlycharges,,,mistralai/Mistral-7B-Instruct-v0.3,BatchImputation,40,10,100,2026-04-20T11:59:46.114309+00:00,True,df_missing_observed_rows_background_only
265,5374.099999999999,5526.75,fallback_tenure_x_monthlycharges,,,mistralai/Mistral-7B-Instruct-v0.3,BatchImputation,40,10,100,2026-04-20T11:59:46.114309+00:00,True,df_missing_observed_rows_background_only
290,1826.3999999999999,1712.7,fallback_tenure_x_monthlycharges,,,mistralai/Mistral-7B-Instruct-v0.3,BatchImputation,40,10,100,2026-04-20T11:59:46.114309+00:00,True,df_missing_observed_rows_background_only
292,1996.3999999999999,1940.8,fallback_tenure_x_monthlycharges,,,mistralai/Mistral-7B-Instruct-v0.3,BatchImputation,40,10,100,2026-04-20T11:59:46.114309+00:00,True,df_missing_observed_rows_background_only
297,3528.0,3437.5,fallback_tenure_x_monthlycharges,,,mistralai/Mistral-7B-Instruct-v0.3,BatchImputation,40,10,100,2026-04-20T11:59:46.114309+00:00,True,df_missing_observed_rows_background_only
303,4100.4,4109.0,fallback_tenure_x_monthlycharges,,,mistralai/Mistral-7B-Instruct-v0.3,BatchImputation,40,10,100,2026-04-20T11:59:46.114309+00:00,True,df_missing_observed_rows_background_only
307,2190.95,2054.4,fallback_tenure_x_monthlycharges,,,mistralai/Mistral-7B-Instruct-v0.3,BatchImputation,40,10,100,2026-04-20T11:59:46.114309+00:00,True,df_missing_observed_rows_background_only
316,1412.8999999999999,1355.1,fallback_tenure_x_monthlycharges,,,mistralai/Mistral-7B-Instruct-v0.3,BatchImputation,40,10,100,2026-04-20T11:59:46.114309+00:00,True,df_missing_observed_rows_background_only
317,3051.4,3058.65,fallback_tenure_x_monthlycharges,,,mistralai/Mistral-7B-Instruct-v0.3,BatchImputation,40,10,100,2026-04-20T11:59:46.114309+00:00,True,df_missing_observed_rows_background_only
323,437.40000000000003,422.3,fallback_tenure_x_monthlycharges,,,mistralai/Mistral-7B-Instruct-v0.3,BatchImputation,40,10,100,2026-04-20T11:59:46.114309+00:00,True,df_missing_observed_rows_background_only
324,4143.45,4176.7,fallback_tenure_x_monthlycharges,,,mistralai/Mistral-7B-Instruct-v0.3,BatchImputation,40,10,100,2026-04-20T11:59:46.114309+00:00,True,df_missing_observed_rows_background_only
349,6208.0,6430.9,fallback_tenure_x_monthlycharges,,,mistralai/Mistral-7B-Instruct-v0.3,BatchImputation,40,10,100,2026-04-20T11:59:46.114309+00:00,True,df_missing_observed_rows_background_only
350,2323.6,2278.75,fallback_tenure_x_monthlycharges,,,mistralai/Mistral-7B-Instruct-v0.3,BatchImputation,40,10,100,2026-04-20T11:59:46.114309+00:00,True,df_missing_observed_rows_background_only
354,879.9,840.1,fallback_tenure_x_monthlycharges,,,mistralai/Mistral-7B-Instruct-v0.3,BatchImputation,40,10,100,2026-04-20T11:59:46.114309+00:00,True,df_missing_observed_rows_background_only
368,7004.150000000001,6962.85,fallback_tenure_x_monthlycharges,,,mistralai/Mistral-7B-Instruct-v0.3,BatchImputation,40,10,100,2026-04-20T11:59:46.114309+00:00,True,df_missing_observed_rows_background_only
370,679.8000000000001,690.25,fallback_tenure_x_monthlycharges,,,mistralai/Mistral-7B-Instruct-v0.3,BatchImputation,40,10,100,2026-04-20T11:59:46.114309+00:00,True,df_missing_observed_rows_background_only
373,5586.0,5608.4,fallback_tenure_x_monthlycharges,,,mistralai/Mistral-7B-Instruct-v0.3,BatchImputation,40,10,100,2026-04-20T11:59:46.114309+00:00,True,df_missing_observed_rows_background_only
384,5188.799999999999,5067.45,fallback_tenure_x_monthlycharges,,,mistralai/Mistral-7B-Instruct-v0.3,BatchImputation,40,10,100,2026-04-20T11:59:46.114309+00:00,True,df_missing_observed_rows_background_only
393,378.09999999999997,367.55,fallback_tenure_x_monthlycharges,,,mistralai/Mistral-7B-Instruct-v0.3,BatchImputation,40,10,100,2026-04-20T11:59:46.114309+00:00,True,df_missing_observed_rows_background_only
398,1801.8,1803.7,fallback_tenure_x_monthlycharges,,,mistralai/Mistral-7B-Instruct-v0.3,BatchImputation,40,10,100,2026-04-20T11:59:46.114309+00:00,True,df_missing_observed_rows_background_only
399,461.15000000000003,415.1,fallback_tenure_x_monthlycharges,,,mistralai/Mistral-7B-Instruct-v0.3,BatchImputation,40,10,100,2026-04-20T11:59:46.114309+00:00,True,df_missing_observed_rows_background_only
411,1124.7,1066.15,fallback_tenure_x_monthlycharges,,,mistralai/Mistral-7B-Instruct-v0.3,BatchImputation,40,10,100,2026-04-20T11:59:46.114309+00:00,True,df_missing_observed_rows_background_only
416,6909.0,6858.9,fallback_tenure_x_monthlycharges,,,mistralai/Mistral-7B-Instruct-v0.3,BatchImputation,40,10,100,2026-04-20T11:59:46.114309+00:00,True,df_missing_observed_rows_background_only
417,992.0,1024.7,fallback_tenure_x_monthlycharges,,,mistralai/Mistral-7B-Instruct-v0.3,BatchImputation,40,10,100,2026-04-20T11:59:46.114309+00:00,True,df_missing_observed_rows_background_only
436,750.6,720.05,fallback_tenure_x_monthlycharges,,,mistralai/Mistral-7B-Instruct-v0.3,BatchImputation,40,10,100,2026-04-20T11:59:46.114309+00:00,True,df_missing_observed_rows_background_only
454,1488.3999999999999,1417.9,fallback_tenure_x_monthlycharges,,,mistralai/Mistral-7B-Instruct-v0.3,BatchImputation,40,10,100,2026-04-20T11:59:46.114309+00:00,True,df_missing_observed_rows_background_only
467,6458.400000000001,6588.95,fallback_tenure_x_monthlycharges,,,mistralai/Mistral-7B-Instruct-v0.3,BatchImputation,40,10,100,2026-04-20T11:59:46.114309+00:00,True,df_missing_observed_rows_background_only
476,2661.75,2747.2,fallback_tenure_x_monthlycharges,,,mistralai/Mistral-7B-Instruct-v0.3,BatchImputation,40,10,100,2026-04-20T11:59:46.114309+00:00,True,df_missing_observed_rows_background_only
481,2174.3999999999996,2145.0,fallback_tenure_x_monthlycharges,,,mistralai/Mistral-7B-Instruct-v0.3,BatchImputation,40,10,100,2026-04-20T11:59:46.114309+00:00,True,df_missing_observed_rows_background_only
488,0.0,,fallback_tenure_x_monthlycharges,,,mistralai/Mistral-7B-Instruct-v0.3,BatchImputation,40,10,100,2026-04-20T11:59:46.114309+00:00,True,df_missing_observed_rows_background_only
518,2030.4,1929.35,fallback_tenure_x_monthlycharges,,,mistralai/Mistral-7B-Instruct-v0.3,BatchImputation,40,10,100,2026-04-20T11:59:46.114309+00:00,True,df_missing_observed_rows_background_only
568,3508.75,3527.6,fallback_tenure_x_monthlycharges,,,mistralai/Mistral-7B-Instruct-v0.3,BatchImputation,40,10,100,2026-04-20T11:59:46.114309+00:00,True,df_missing_observed_rows_background_only
589,6418.400000000001,6668.05,fallback_tenure_x_monthlycharges,,,mistralai/Mistral-7B-Instruct-v0.3,BatchImputation,40,10,100,2026-04-20T11:59:46.114309+00:00,True,df_missing_observed_rows_background_only
599,1326.0,1414.45,fallback_tenure_x_monthlycharges,,,mistralai/Mistral-7B-Instruct-v0.3,BatchImputation,40,10,100,2026-04-20T11:59:46.114309+00:00,True,df_missing_observed_rows_background_only
602,4900.5,4859.25,fallback_tenure_x_monthlycharges,,,mistralai/Mistral-7B-Instruct-v0.3,BatchImputation,40,10,100,2026-04-20T11:59:46.114309+00:00,True,df_missing_observed_rows_background_only
603,4997.900000000001,4903.2,fallback_tenure_x_monthlycharges,,,mistralai/Mistral-7B-Instruct-v0.3,BatchImputation,40,10,100,2026-04-20T11:59:46.114309+00:00,True,df_missing_observed_rows_background_only
620,345.5,362.6,fallback_tenure_x_monthlycharges,,,mistralai/Mistral-7B-Instruct-v0.3,BatchImputation,40,10,100,2026-04-20T11:59:46.114309+00:00,True,df_missing_observed_rows_background_only
634,2182.0,2236.2,fallback_tenure_x_monthlycharges,,,mistralai/Mistral-7B-Instruct-v0.3,BatchImputation,40,10,100,2026-04-20T11:59:46.114309+00:00,True,df_missing_observed_rows_background_only
636,3082.9500000000003,3109.9,fallback_tenure_x_monthlycharges,,,mistralai/Mistral-7B-Instruct-v0.3,BatchImputation,40,10,100,2026-04-20T11:59:46.114309+00:00,True,df_missing_observed_rows_background_only
643,4402.65,4287.2,fallback_tenure_x_monthlycharges,,,mistralai/Mistral-7B-Instruct-v0.3,BatchImputation,40,10,100,2026-04-20T11:59:46.114309+00:00,True,df_missing_observed_rows_background_only
667,1479.8,1453.1,fallback_tenure_x_monthlycharges,,,mistralai/Mistral-7B-Instruct-v0.3,BatchImputation,40,10,100,2026-04-20T11:59:46.114309+00:00,True,df_missing_observed_rows_background_only
669,4046.0,4039.3,fallback_tenure_x_monthlycharges,,,mistralai/Mistral-7B-Instruct-v0.3,BatchImputation,40,10,100,2026-04-20T11:59:46.114309+00:00,True,df_missing_observed_rows_background_only
673,546.7,493.4,fallback_tenure_x_monthlycharges,,,mistralai/Mistral-7B-Instruct-v0.3,BatchImputation,40,10,100,2026-04-20T11:59:46.114309+00:00,True,df_missing_observed_rows_background_only
683,4150.0,4188.4,fallback_tenure_x_monthlycharges,,,mistralai/Mistral-7B-Instruct-v0.3,BatchImputation,40,10,100,2026-04-20T11:59:46.114309+00:00,True,df_missing_observed_rows_background_only
705,1996.2499999999998,2015.35,fallback_tenure_x_monthlycharges,,,mistralai/Mistral-7B-Instruct-v0.3,BatchImputation,40,10,100,2026-04-20T11:59:46.114309+00:00,True,df_missing_observed_rows_background_only
714,1828.8,1710.9,fallback_tenure_x_monthlycharges,,,mistralai/Mistral-7B-Instruct-v0.3,BatchImputation,40,10,100,2026-04-20T11:59:46.114309+00:00,True,df_missing_observed_rows_background_only
719,5463.799999999999,5589.3,fallback_tenure_x_monthlycharges,,,mistralai/Mistral-7B-Instruct-v0.3,BatchImputation,40,10,100,2026-04-20T11:59:46.114309+00:00,True,df_missing_observed_rows_background_only
721,1253.55,1305.95,fallback_tenure_x_monthlycharges,,,mistralai/Mistral-7B-Instruct-v0.3,BatchImputation,40,10,100,2026-04-20T11:59:46.114309+00:00,True,df_missing_observed_rows_background_only
734,2434.05,2423.4,fallback_tenure_x_monthlycharges,,,mistralai/Mistral-7B-Instruct-v0.3,BatchImputation,40,10,100,2026-04-20T11:59:46.114309+00:00,True,df_missing_observed_rows_background_only
743,1470.1000000000001,1551.6,fallback_tenure_x_monthlycharges,,,mistralai/Mistral-7B-Instruct-v0.3,BatchImputation,40,10,100,2026-04-20T11:59:46.114309+00:00,True,df_missing_observed_rows_background_only
745,7977.599999999999,7882.25,fallback_tenure_x_monthlycharges,,,mistralai/Mistral-7B-Instruct-v0.3,BatchImputation,40,10,100,2026-04-20T11:59:46.114309+00:00,True,df_missing_observed_rows_background_only
749,5673.15,5817.0,fallback_tenure_x_monthlycharges,,,mistralai/Mistral-7B-Instruct-v0.3,BatchImputation,40,10,100,2026-04-20T11:59:46.114309+00:00,True,df_missing_observed_rows_background_only
751,5610.5,5600.15,fallback_tenure_x_monthlycharges,,,mistralai/Mistral-7B-Instruct-v0.3,BatchImputation,40,10,100,2026-04-20T11:59:46.114309+00:00,True,df_missing_observed_rows_background_only
753,0.0,,fallback_tenure_x_monthlycharges,,,mistralai/Mistral-7B-Instruct-v0.3,BatchImputation,40,10,100,2026-04-20T11:59:46.114309+00:00,True,df_missing_observed_rows_background_only
763,4813.2,4758.8,fallback_tenure_x_monthlycharges,,,mistralai/Mistral-7B-Instruct-v0.3,BatchImputation,40,10,100,2026-04-20T11:59:46.114309+00:00,True,df_missing_observed_rows_background_only
769,1101.6,1175.6,fallback_tenure_x_monthlycharges,,,mistralai/Mistral-7B-Instruct-v0.3,BatchImputation,40,10,100,2026-04-20T11:59:46.114309+00:00,True,df_missing_observed_rows_background_only
775,7966.8,8065.65,fallback_tenure_x_monthlycharges,,,mistralai/Mistral-7B-Instruct-v0.3,BatchImputation,40,10,100,2026-04-20T11:59:46.114309+00:00,True,df_missing_observed_rows_background_only
776,120.89999999999999,92.5,fallback_tenure_x_monthlycharges,,,mistralai/Mistral-7B-Instruct-v0.3,BatchImputation,40,10,100,2026-04-20T11:59:46.114309+00:00,True,df_missing_observed_rows_background_only
786,3981.6,3983.6,fallback_tenure_x_monthlycharges,,,mistralai/Mistral-7B-Instruct-v0.3,BatchImputation,40,10,100,2026-04-20T11:59:46.114309+00:00,True,df_missing_observed_rows_background_only
790,3591.0,3590.2,fallback_tenure_x_monthlycharges,,,mistralai/Mistral-7B-Instruct-v0.3,BatchImputation,40,10,100,2026-04-20T11:59:46.114309+00:00,True,df_missing_observed_rows_background_only
791,5229.200000000001,5023.0,fallback_tenure_x_monthlycharges,,,mistralai/Mistral-7B-Instruct-v0.3,BatchImputation,40,10,100,2026-04-20T11:59:46.114309+00:00,True,df_missing_observed_rows_background_only
808,4052.0,4113.1,fallback_tenure_x_monthlycharges,,,mistralai/Mistral-7B-Instruct-v0.3,BatchImputation,40,10,100,2026-04-20T11:59:46.114309+00:00,True,df_missing_observed_rows_background_only
811,7280.0,7250.15,fallback_tenure_x_monthlycharges,,,mistralai/Mistral-7B-Instruct-v0.3,BatchImputation,40,10,100,2026-04-20T11:59:46.114309+00:00,True,df_missing_observed_rows_background_only
818,2335.2000000000003,2317.1,fallback_tenure_x_monthlycharges,,,mistralai/Mistral-7B-Instruct-v0.3,BatchImputation,40,10,100,2026-04-20T11:59:46.114309+00:00,True,df_missing_observed_rows_background_only
820,6487.349999999999,6751.35,fallback_tenure_x_monthlycharges,,,mistralai/Mistral-7B-Instruct-v0.3,BatchImputation,40,10,100,2026-04-20T11:59:46.114309+00:00,True,df_missing_observed_rows_background_only
828,5457.0,5453.4,fallback_tenure_x_monthlycharges,,,mistralai/Mistral-7B-Instruct-v0.3,BatchImputation,40,10,100,2026-04-20T11:59:46.114309+00:00,True,df_missing_observed_rows_background_only
833,3285.6,3340.55,fallback_tenure_x_monthlycharges,,,mistralai/Mistral-7B-Instruct-v0.3,BatchImputation,40,10,100,2026-04-20T11:59:46.114309+00:00,True,df_missing_observed_rows_background_only
836,4426.8,4487.3,fallback_tenure_x_monthlycharges,,,mistralai/Mistral-7B-Instruct-v0.3,BatchImputation,40,10,100,2026-04-20T11:59:46.114309+00:00,True,df_missing_observed_rows_background_only
841,7560.0,7589.8,fallback_tenure_x_monthlycharges,,,mistralai/Mistral-7B-Instruct-v0.3,BatchImputation,40,10,100,2026-04-20T11:59:46.114309+00:00,True,df_missing_observed_rows_background_only
845,308.25,295.95,fallback_tenure_x_monthlycharges,,,mistralai/Mistral-7B-Instruct-v0.3,BatchImputation,40,10,100,2026-04-20T11:59:46.114309+00:00,True,df_missing_observed_rows_background_only
856,6195.599999999999,6309.65,fallback_tenure_x_monthlycharges,,,mistralai/Mistral-7B-Instruct-v0.3,BatchImputation,40,10,100,2026-04-20T11:59:46.114309+00:00,True,df_missing_observed_rows_background_only
861,5977.6,5822.3,fallback_tenure_x_monthlycharges,,,mistralai/Mistral-7B-Instruct-v0.3,BatchImputation,40,10,100,2026-04-20T11:59:46.114309+00:00,True,df_missing_observed_rows_background_only
870,7070.400000000001,7015.9,fallback_tenure_x_monthlycharges,,,mistralai/Mistral-7B-Instruct-v0.3,BatchImputation,40,10,100,2026-04-20T11:59:46.114309+00:00,True,df_missing_observed_rows_background_only
876,1576.5,1582.75,fallback_tenure_x_monthlycharges,,,mistralai/Mistral-7B-Instruct-v0.3,BatchImputation,40,10,100,2026-04-20T11:59:46.114309+00:00,True,df_missing_observed_rows_background_only
897,5594.15,5682.25,fallback_tenure_x_monthlycharges,,,mistralai/Mistral-7B-Instruct-v0.3,BatchImputation,40,10,100,2026-04-20T11:59:46.114309+00:00,True,df_missing_observed_rows_background_only
911,1335.0,1288.3,fallback_tenure_x_monthlycharges,,,mistralai/Mistral-7B-Instruct-v0.3,BatchImputation,40,10,100,2026-04-20T11:59:46.114309+00:00,True,df_missing_observed_rows_background_only
918,2098.2000000000003,2193.0,fallback_tenure_x_monthlycharges,,,mistralai/Mistral-7B-Instruct-v0.3,BatchImputation,40,10,100,2026-04-20T11:59:46.114309+00:00,True,df_missing_observed_rows_background_only
